Taluk,Count
Nil,640
Birbhum,397
Jaipur,392
Samastipur,354
Murshidabad,349
Kurnool,347
Bhilwara,338
Aligarh,331
Fatehpur,317
Sadar,309
Dindigul,287
Amreli,272
Nalgonda,271
Siwan,264
Hoshiarpur,252
Chapra,252
Banda,247
Bettiah,247
Rangareddy,231
Dungarpur,225
Jhalawar,225
Svs,217
Bharatpur,213
Ludhiana,212
Darbhanga,206
Patan,206
Dausa,203
Banswara,201
Midnapore,198
Kanigiri,195
Hamirpur,194
Varanasi,193
Chodavaram,193
Krishna,191
Gopalganj,191
Begusarai,185
Erode,181
Baran,179
Bikaner,177
Nagaon,176
Ongole,171
Lalganj,169
Tonk,169
Baripada,168
Howrah,163
Katihar,158
Sagar,152
Jammu,152
Tindivanam,152
Ambala,146
Unnao,145
Anakapalle,143
Kota,142
Purnea,138
Bundi,136
Gola,134
Nizamabad,133
Araria,132
Rajouri,132
Armoor,131
Khagaria,131
Narsipatnam,130
Kozhikode,130
Madanapalle,128
Hisar,128
Taliparamba,125
Kannauj,125
Dhanbad,125
Kandukur,124
Salem,122
Dindori,122
Nandod,121
Sikar,121
Lakhimpur,119
Namakkal,119
Akola,118
Farrukhabad,116
Udupi,115
Jorhat,113
Jalgaon,107
Glt,106
Kasaragod,105
Thalassery,103
Patti,102
Mangalore,102
Kamareddy,102
Sirmour,100
Mandvi,99
Hardoi,99
Bijapur,98
Hosdurg,97
Udumbanchola,97
Karanjia,97
Jagdalpur,97
Bhanjanagar,97
Chiplun,97
Nanpara,97
Sultanpur,96
Kendrapara,95
Baraut,95
Rajgarh,95
Kanpur Dehat,94
Jhanjharpur,94
Sandila,94
Basti Sadar,93
Chikhli,93
Nawabganj,93
Karad,93
Pauri,92
Jajpur,92
Harraiya,91
Jalalabad,91
Mahuva,91
Kadipur,91
Motihari,91
Vadakara,91
Jehanabad,90
Ariyalur,90
Ramnagar,90
Tulsipur,90
Huzurnagar,90
Udala,90
Krishnagiri,89
Aska,89
Raigarh,88
Jhabua,88
Musafirkhana,88
Tarabganj,88
Meenachil,87
Nagod,87
Kamakhyanagar,87
Moga,86
Burdwan,85
Ratlam,85
Kundapura,85
Mukundapuram,85
Nedumangad,84
Madhubani,84
Kottarakkara,84
Tilhar,84
Jhargram,83
Benipur,83
Palampur,83
Biswan,82
Degana,82
Arrah,82
Meerut,82
Puttur,82
Jhajjar,81
Batala,81
Rairangpur,81
Tirukkoyilur,81
Anandapur,80
Mirzapur,80
Virajpet,80
Purulia,80
Puri,80
Sangmeshwar,80
Morigaon,79
Soro,79
Indi,79
Ernad,79
Tirupattur,79
Kallakurichi,79
Sonbhadra,79
Ghatagaon,79
Markapur,79
Diphu,78
Sihora,78
Akbarpur,78
Vandavasi,78
Alipurduar,78
Bantval,78
Salipur,77
Vlr,77
Kishanganj,77
Mathura,77
Polur,77
Ghazipur,77
Angul,77
Rohtak,76
Merta,76
Panruti,76
Ranpur,76
Allapur **,75
Pollachi,75
Panipat,75
Washim,75
Kunda,75
Saidpur,75
Mohania,75
Gurdaspur,75
"Dhalbhum, Jamshedpur",74
Arakkonam,74
Ottappalam,74
Yadgiri,74
Rajapur,74
Jawali,74
Khanapur,74
Teonthar,74
Palamaner,74
Dhule,74
Muzaffarnagar,73
Bellary,73
Gyanpur,73
Jajpur Road,73
Mansa,73
Bhubaneswar,73
Salumber,73
Dharapuram,72
Zamania,72
Neyyattinkara,72
Dadri,72
Milkipur,72
Chikodi,72
Bhiwani,71
Chidambaram,71
Bhinga,71
Satara,71
Osmanabad,70
Sirsi,70
Muddebihal,70
Sitapur,70
Villupuram,70
Jagdishpur,70
Pathanapuram,70
Kinwat,70
Chakia,70
Sadulpur,70
Maddur,69
Dhaurahara,69
Ranikhet,69
Chittoor,69
Gokak,69
Kashipur,69
Karjat,68
Konch,68
Sindgi,68
Damoh,68
Sasaram,68
Mohammdi,68
Savli,68
Cuddalore,68
Bhiloda,68
Nurpur,67
Bharuch,67
Nimkathana,67
Gubbi,67
Umerkote,67
Betnoti,67
Sakri,67
Bayana Mdg,67
Kerakat,67
Sirkali,67
Bhor,67
Berhampur,67
Thodupuzha,67
Nilambur,67
Fatehabad,66
Beawar,66
Sankarankovil,66
Harur,66
Khed (rtg),66
Keonjhar,66
Kudligi,66
Idar,65
Shahpur,65
Champua,65
Nayagarh,65
Tiruchendur,65
Sangamner,65
Tiloi,65
Belgaum,65
Bhograi,65
Kudal,65
Gonda,64
Jabalpur,64
Abdasa,64
Chaibasa,64
Chirayinkeezhu,64
Mannargudi,64
Tumkur,64
Chengam,64
Chhatarpur,64
Malout,64
Dhenkanal,64
Shahapur,64
Tirur,64
Badami,64
Kattumannarkoil,63
Mahad,63
Shahganj,63
Dantewada,63
Gulbarga,63
Khurda,63
Rasipuram,63
Multai,62
Quilandy,62
Chittapur,62
Kozhenchery,62
Nakodar,62
Kaiserganj,62
Chandannagar,62
Chakrata,62
Kottayam,62
Meja,62
Zaheerabad,62
Malegaon,62
Nanjangud,61
Vilavancode,61
Atur,61
Khed,61
Nawanshahar,61
Belthangady,61
Raipur,61
Dhaka,61
Vyara,61
Junnar,60
Hansi,60
Chirawa,60
Koregaon,60
Nirmal,60
Bokaro,60
Luxettipet,60
Ramanathapuram,60
Radhapuram,60
Chamarajanagara,60
Patnagarh,60
Hapur,60
Palakkad,60
Lucknow,60
Allagadda,59
Bharthana,59
Panna,59
Jalaun,59
Srimadhopur,59
Lalgudi,59
Sirsa,59
Memari,59
Karur,59
Pithoragarh,59
Piru,58
Khedbrahma,58
Musiri,58
Hukeri,58
Aravakurichi,58
Tehri,58
Barnala,58
Vadodara,58
Tharali,58
Didihat,58
Arni,58
Khandwa,58
Melur,58
Hungund,57
Shorapur,57
Sivaganga,57
Kunigal,57
Aonla,57
Gunderdehi,57
Ulundurpet,57
Lanja,57
Limbdi,57
Barsahi,57
Gunupur,57
Areraj,57
Udayarpalayam,57
Chirala,57
Tanda,57
Bidhuna,57
Mishrikh,57
Fateh Pur,57
Aurangabad,56
Valsad,56
Minapur,56
Dharmapuri,56
Kurhani,56
Raichur,56
Kagal,56
Dataganj,56
Haider Garh,56
Sakaldiha,56
Abohar,56
Akole,56
Mangrol,56
Mrg,56
Sidhauli,56
Cheyyar,56
Konta,56
Kasganj,56
Lunawada,56
Mankapur,56
Islampur,56
Bhalki,56
Budhana,56
Azamgarh ,56
Papanasam,55
Talappilly,55
Tiruvannamalai,55
Ashti,55
Gangapur,55
Partabgarh,55
Kalkulam,55
Satana,55
Padra,55
Thanjavur,55
Sarangarh,55
Mandsaur,55
Sira,55
Mehgoun,55
Mandya,55
Parner,55
Athni,55
Alapur,55
Palladam,55
Pavijetpur,55
Auraiya,55
Miryalguda,55
Tikamgarh,55
Channagiri,54
Chitradurga,54
Hassan,54
Powayan,54
Sujangarh,54
Kalavad,54
Challakere,54
Khatav,54
Somwarpet,54
Nanguneri,54
Delhi,54
Bhopal,54
Nagina,54
Niphad,54
Datia,54
New Delhi,54
Ambasamudram,54
Jaleswar,54
Dhanghata,54
Harapanahalli,53
Hiriyur,53
Basavakalyan,53
Kanakapura,53
Basta,53
Visakhapatnam,53
Kharagpur,53
Chandpur,53
Mettur,53
Paralakhemundi,53
Gundlupet,53
Ratnagiri,53
Muvattupuzha,53
Sulthanbathery,53
Shahada,53
Chalisgaon,53
Barshi,53
Chengalpattu,53
Ballia,53
Dapoli,53
Handia,52
Sarkaghat,52
Manvi,52
Vriddhachalam,52
Nimapara,52
Alangudi,52
Gangolihat,52
Jalalpur ,52
Thrissur,52
Raxaul,52
Sankheda,52
Benipatti,52
Mauranipur,52
Bikapur,52
Aland,52
Madhugiri,52
Bilaspur,51
Kherwara,51
Nawacity,51
Pavagada,51
Chennur,51
Saundatti,51
Chamba,51
B.bagewadi,51
Dehradun,51
Siddapur,51
Jalalpur,51
Jaynagar,51
Channarayapatna,51
Baihar,51
Thasra,51
Pardi,51
Athamallik,51
Pattamundai,51
Bhuj,51
Kadi,51
Afjalpur,51
Shikarpur,51
Ajmer,50
Sankarapuram,50
Bulandshahr,50
Khalilabad,50
Sambhal,50
Kovilpatti,50
Digapahandi,50
Desuri,50
Dhandhuka,50
Simdega,50
Jambusar,50
Mandawar,50
Koilkuntla,50
Nakhatrana,50
Kumta,50
Vaniyambadi,50
Haveli,50
Khetri,50
Amritsar,50
Chandgad,50
Aurad (b),50
Asifabad,50
Bhind,50
Dhampur,49
Surguja,49
Laundi,49
Utnoor,49
Masaurhi,49
Kalna,49
Devgad,49
Bhatar,49
Disa,49
Shrigonda,49
Coimbatore North,49
Burhanpur,49
Fazilka,49
Talaja,49
Lambhua,49
Salon,49
Dinhata,49
Jewargi,49
Honavar,49
Tarapur,49
Mohammedabad,49
Lansdowne,49
Karauli,49
Aliganj,49
Ramgarh,49
Ghatal,49
Sindhanur,49
Kadur,49
Jamnagar,49
Tuljapur,48
Gumla,48
Dharchula,48
Rahpar,48
Ghansali,48
Nohar,48
Ron,48
Karjan,48
Motipur,48
Pathardi,48
Keshkal,48
Lingasugur,48
Titilagarh,48
Phagwara,48
Mahrajganj,48
Gudiyattam,48
Tiruchengodu,48
Tiruchengode,48
Kunnathunad,48
Tirtol,48
Tiruvadanai,48
Madurai North,48
Debai,48
Bidar,48
Siyana,48
Tirupathur,47
Utraula,47
Naugarh,47
Rajkot,47
Arsikere,47
Purandar,47
Paramakudi,47
Nagamangala,47
K.r.pete,47
Humnabad,47
Thiruvaiyaru,47
Mawana,47
Shirur,47
Belur,47
Nashik,46
Bairia,46
Siruguppa,46
Sami,46
Honnali,46
Jansath,46
Ambah,46
Pattukottai,46
Kollam,46
Kushtagi,46
Tiruvallur,46
Bageshwar,46
Ghaziabad,46
Sinnar,46
Dehgam,46
Ranni,46
Orattanad,46
Srivaikuntam,46
Hosur,46
Dhanera,46
Kanker,46
Vaijapur,46
Bhinder,46
Baijnath,46
Ghumarwin,46
Kapurthala,46
Kotdwara,46
Adilabad,45
Bailhongal,45
Bikramganj,45
Jhalod,45
Hosadurga,45
Parbatsar,45
Kanjirappally,45
K R Nagar,45
Perinthalmanna,45
Karmala,45
Baramati,45
Dharmasala,45
Vaikom,45
Jaunpur,45
Coimbatore South,45
Jhansi,45
Manaparai,45
Chincholi,45
Udamalpet,45
Gadhinglaj,45
Nagaur,45
Rajpur,45
Mangaon,45
Akkalkot,45
Magadi,44
Sojat,44
Raghurajnagar,44
Alathur,44
Raghopur,44
Joura,44
Garhwa,44
Gogunda,44
Dharampur,44
Malavalli,44
Lohaghat,44
Gwalior,44
Peerumade,44
Kannad,44
Dunda,44
Rajpura,44
Raniganj,44
Sriperumbudur,44
Dharwad,44
Baliapal,44
Guhagar,44
Devakottai,44
Agastheeswaram,44
Daund,44
Chohtan,43
Girwa,43
Bah,43
Patiala,43
Narayankhed,43
Koppal,43
Paliganj,43
Balangir,43
Kankavli,43
Shirpur,43
Raiganj,43
Phillaur,43
Manasa,43
Bhanoli,43
Palghar,43
Gauriganj,43
Cumbum,43
Kuttanad,43
Walva,43
Chandbali,43
Najibabad,43
Pondicherry,43
Banpur,43
Pawai,43
Patiali,43
Nasirabad,43
Gandhinagar,43
Bagalkot,43
Mettupalayam,43
Hindol,42
Kalyanpur,42
Raibag,42
Pachora,42
Sardarshahar,42
Danapur,42
Mananthavady,42
Shahuwadi,42
Ponneri,42
Pennagaram,42
Vaghodia,42
Mahesana,42
Viramgam,42
Ram Sanehi Ghat,42
H D Kote,42
Chittur,42
Nabarangpur,42
Phaltan,42
Mainpuri,42
Jalpaiguri,42
Jalandhar,42
Arnod,42
Katwa,42
Jind,42
Narwana,42
Sangola,42
Sanand,42
Todabhim,41
Vadipatti,41
Kekri,41
Amalner,41
Ghosi,41
Indapur,41
Bhongaon,41
Chintamani,41
Mysore,41
Dhari,41
Palia,41
Jalalpore,41
Kothamangalam,41
Tirthahalli,41
Arcot,41
Tirurangadi,41
Pathankot,41
Nawalgarh,41
Chikmagalur,41
Arkalgud,41
Okhimath,41
Chandauli,41
Amethi,41
Talcher,41
Mudhol,41
Indpur,41
Sangareddy,41
Thiruvananthapuram,41
Huzur,41
Bochaha,41
Basti,41
Kawardha,41
Bhokar,40
Sillod,40
Arambagh,40
Sedam,40
Udaipurwati,40
Doda,40
Jeypore(k),40
Narayanpur,40
Mariahun,40
Karera,40
Kolaras,40
Mariahu ,40
T Narasipura,40
Kapkote,40
Rudraprayag,40
Walajapet,40
Gandevi,40
Vansda,40
Bhachau,40
Bhainsdehi,40
Jasdan,40
Sawayajpur,40
Bayad,40
Mehnagar **,40
Khambhalia,40
Rudauli,40
Taranagar,40
Mudigere,40
Gauribidanur,40
Shindkheda,40
Sardhana,40
Panhala,40
Nandurbar,40
Modasa,40
Mauganj,40
Tiruchirappalli,40
Kishan Garh,40
Boath,39
Balachaur,39
Dhorimana,39
Harsud,39
Mandar,39
Porbandar,39
Tharad,39
Kanchipuram,39
Supaul,39
Phulparas,39
Banga,39
Rawatsar,39
Bhadra,39
Kannur,39
Mangrulpir,39
Yavatmal,39
Thalisain,39
Una,39
Shirala,39
Kodavasal,39
Jashpurnagar,39
Kunkuri,39
Moradabad,39
Bansdih,39
Raisinghnagar,39
Omalur,39
Tirumayam,39
Narsinghgarh,39
Paithan,39
Bathinda,39
Faridkot,39
Madha,39
Tirumangalam,39
Pusad,39
Naswadi,39
Dabhoi,39
Kunnam,38
Sapotara,38
Sopore,38
Yelburga,38
Margherita,38
Zira,38
Chhata,38
Mant,38
Jaitaran,38
Sriganganagar,38
Nilgiri,38
Tasgaon,38
Karveer,38
Chandausi,38
Menhdawal,38
Pochampalli,38
Wai,38
Hirekerur,38
Madhogarh,38
Tiruturaipundi,38
Sardarpur,38
Shimoga,38
Khambhat,38
Mundra,38
Malkangiri,38
Mahroni,38
Lalitpur,38
Nelamangala,38
Jamkhandi,38
Safidon,38
Theog,38
Kargil,38
Alwar,37
Panchkula,37
Mohanpur,37
Colonelganj,37
Paroo,37
Chanchal,37
Sunam,37
Ferozepur,37
Uluberia - II,37
Huvinahadagali,37
Junagarh,37
Dadra & Nagar Haveli,37
Banka,37
Bareilly,37
Bagli,37
Rajnagar,37
Dehra,37
Kakatpur,37
Beed,37
Tharangambadi,37
Mayiladuthurai,37
Karkala,37
Jhagadia,37
Kondagaon,37
Allahabad,37
Sathy,37
Manjhanpur ,37
Nandyal,37
Deodurga,37
Bahraich,37
Tarikere,36
Ranebennur,36
Chhindwara,36
Lohardaga,36
Hunsur,36
Kodaikanal,36
Amarpatan,36
Dasada,36
Olpad,36
Anklesvar,36
Vasai,36
Joshimath,36
Sivakasi,36
Anjar,36
Sorab,36
Gudur,36
Nagapattinam,36
Kaithal,36
Banaganapalle,36
Majauli,36
Depalpur,36
Bisalpur,36
Uthamapalayam,36
Jintur,36
Kurseong,36
Faizabad,36
Peravurni,36
Baresei,36
Udhampur,36
Jaisinghpur,36
Dharamgarh,36
Malihabad,36
Songadh,36
Wankaner,36
Buhana,36
Santrampur,36
Deori,36
Sihor,36
Panskura,35
Mathabhanga,35
Chainpur,35
Unchahar,35
Nimbahera,35
Borsad,35
Bardoli,35
Dhrangadhra,35
Bhudargad,35
Bapatla,35
Mohol,35
Barwaha,35
Kumbakonam,35
Cuttack Sadar,35
Sadabad,35
Denkanikotta,35
Balikuda,35
Periyapatna,35
Kalol,35
Turuvekere,35
Vythiri,35
Mahmudabad,35
Kahalgoan,35
Seraikella Kharsawan,35
Jhunjhunu,35
Dehri On Sone,35
Sitamau,35
Garoth,35
Budaun,35
Baheri,35
Vinukonda,35
Baraily,35
Hatkanangale,35
Kallam,35
Kaliachak,35
Dhalbhum,35
Kaprada,35
Jaipatna,35
Katpadi,35
Changanassery,35
Nathdwara,35
Manbazar,35
Mavli,35
Reasi,34
Rajakhera,34
Rasra,34
Shamli,34
Nannilam,34
Bant,34
Bishalgarh,34
Rayagada,34
Madurantakam,34
Beohari,34
Kalamnuri,34
Ropar,34
Tirunelveli,34
Madurai South,34
Usilampatti,34
Mulbagal,34
Munsiari,34
Adoor,34
Khajani,34
Jamjodhpur,34
Meghraj,34
Vadgam,34
Machhali Shahar,34
Pichhore,34
Daskroi,34
Pushparajgarh,34
Umaria,34
Mehkar,34
Malhargarh,34
Kangra,34
Hospet,34
Joypur,34
Rampur,34
Georai,34
Raver,34
Karanprayag,34
Basgaon,34
Vagra,34
Bangarpet,34
Manavadar,34
Sangrur,34
Leh,34
Japla,34
Sarara,34
Chopal,34
Ambegaon,34
Vijaynagar,34
Mukhed,33
Malerkotla,33
Amb,33
Ahmednagar,33
Malshiras,33
Rattia,33
Sirpur (t),33
Thuraiyur,33
Navapur,33
Jakholi,33
Nakashipara,33
Kairana,33
Lakhanpur,33
Daryapur,33
Giddalur,33
Karwar,33
Nakrekal,33
Godhra,33
Bhanvad,33
Sirathu,33
Keolari,33
Sheopur,33
Kukshi,33
Kulittalai,33
Cooch Behar,33
Manamadurai,33
Nellore,33
Roha,33
Devikulam,33
Radhanagari,33
R.g.pur,33
Kilvelur,33
Bansi,33
Domariaganj,33
Tihidi,33
Gushkara,33
Jogipet,33
Rajsamand,33
Bamanwas,32
Serampore,32
Majuli,32
Hiranagar,32
Udaipur,32
Atmakur,32
Marwar Jn.,32
Lahar,32
Pandhurna,32
Himatnagar,32
Malehara,32
Mavelikkara,32
Pappireddipatti,32
Vijapur,32
Halol,32
Devgadh Baria,32
Tenkasi,32
Hangal,32
Dalmau,32
Sullia,32
Farenda,32
Nadiad,32
Prantij,32
Nighasan,32
Bisauli,32
Amroha,32
Nadaun,32
Danta,32
Tohana,32
Ashta,32
Kalyan,32
Rafiganj,32
Chimur,32
Arvi,32
Pottangi,32
Laharpur,32
Sohagpur,32
Satankulam,32
Alibag,32
Shirol,32
Kantabanji,32
Navalgund,32
Nuapada,32
Dahod,32
Tiruttani,32
Vav,32
Andipatti,32
Veppanthattai,32
Degloor,32
Yeola,32
Hadgaon,32
Pandua,31
Gadag,31
Tlangnuam (Part),31
Mahore,31
Kannod,31
Talod,31
Malvan,31
Sonkutch,31
Nabha,31
Narsapur,31
Nongstoin,31
Dharangaon,31
Chandwad,31
Dholpur,31
Perambalur,31
Nidamangalam,31
Pratapgarh,31
Thanesar,31
Bhadrak,31
Balasore,31
Suratgarh,31
Suryapet,31
Kulithalai,31
Dahanu,31
Chamorshi,31
Firozabad,31
Badlapur,31
Bhawanipatna,31
Koraput,31
Shevgaon,31
Jetpur,31
Barghat,31
Dhamtari,31
Chavakkad,31
Moth,31
Jalandhar -II,31
Udhagamandalam,31
Aluva,31
Kurud,31
Basudevpur,31
Dhuri,31
Bilari,31
Peraiyur,31
Ramachandrapuram,31
Nadoti,31
Morbi,31
Tittagudi,31
Chotila,31
Shimla,30
Yawal,30
Jayamkondacholapuram,30
Turaiyur,30
Biloli,30
Sahaswan,30
Limkheda,30
P.dayal,30
Kankrej,30
Bali,30
Marsaghai,30
Banki,30
Mohanlalganj,30
Maynaguri,30
Ttb,30
Hojai,30
Giddarbaha,30
Surada,30
Upleta,30
Manikpur,30
Holalkere,30
Petlad,30
Uttangarai,30
Jawad,30
Chatrapur,30
Viluppuram,30
Kapadwanj,30
Lalganj ,30
Kotma,30
Ramtek,30
Hajo Block,30
Bagicha,30
Indore,30
Samana,30
Arantangi,30
Bhagwanpur,30
Chakradharpur,30
Lansdowne ,30
Kolar,30
Lunglei,30
Wadhwancity,30
Sagari,30
Maval,30
Haliyal,30
Bari,30
Keshod,30
Kamrej,29
Onda,29
Waraseoni,29
Mungeli,29
Mahasamund,29
Illuppur,29
Tufanganj,29
Dhupguri,29
Kathua,29
Dibrugarh,29
Bilgi,29
Bavla,29
Kichha,29
Mentada,29
Hyd,29
Udaipura,29
Malur,29
Bhopalpatnam,29
Valia,29
Pamarru,29
Sandur,29
Kalpi,29
Mannarkad,29
Phoolpur,29
Sakleshpur,29
Buldana,29
Roorkee,29
Rampur-Baghelan,29
Cherthala,29
Thiruvalla,29
Sirauli Gauspur,29
Didwana,29
Ladnun,29
Shikohabad,29
Mohana,29
Nandgaon,29
Godda,29
Mudhole,29
Jhalda,29
Sangrampur,28
Patna,28
Jodia,28
Itwa,28
Padampur,28
Jalesar,28
Gadhada Sn,28
Dhamanagar,28
Karthikappally,28
Singheshwar,28
Sindhari,28
Chandrapur,28
Kadegaon,28
Janjgir,28
Mirzapur Sadar,28
Goh,28
Madhepura,28
Ottapalam,28
Gairsain,28
Chunar,28
Ghatampur,28
Berinag,28
Srinivaspur,28
Muktsar,28
Manawar,28
Tusra,28
Pandavapura,28
Bangalore South,28
Pattan,28
Paonta,28
Thanagazi,28
Jewer,28
Baghapurana,28
Kesinga,28
Gossaigaon,28
Jalna,28
Loisingha,28
Churhat,28
Halvad,28
Bhavani,28
Latehar,27
Sangrah,27
Kupwara,27
Palacode,27
Dang,27
Lakhtar,27
Purushottampur,27
Palitana,27
Amarwara,27
Gudalur,27
Surajpur,27
Bheden,27
Rbl,27
Kuhi,27
Amarpur,27
Chitrangi,27
Anuppur,27
Man,27
Manapparai,27
Manpur,27
Faridpur,27
Ballabgarh,27
Warora,27
Madanpur,27
Nainital,27
Mhow,27
Dhansura,27
Chanasma,27
Kollegal,27
Pundri,27
Lormi,27
TARN-TARAN,27
Tinsukia,27
Virudhunagar,27
Balurghat,27
Dhemaji,27
Jalandhar - I,27
Amet,27
Bhatiyat,27
Shehera,27
Gorakhpur,27
Sumerpur,27
Etah,27
Omerga,27
Surgana,27
Sikandra,27
Betul,27
Parola,27
Kalwan,27
Igatpuri,27
Bhoom,27
Kaij,27
Ambad,27
Parbhani,27
Bara  ,26
Mandla,26
Poonamallee,26
Sonamukhi,26
Tamar,26
Jama,26
Loha,26
Kiraoli,26
Kulathur,26
Hanskhali,26
Parvatipuram,26
Anandpur Sahib,26
Rupnagar,26
Salooni,26
Guntur,26
Kandhar,26
Moyna,26
Maheshwar,26
Similia,26
Jat,26
Garur,26
Telkoi,26
Bhandair,26
Bilsi,26
Kujang,26
Sawantwadi,26
Anand,26
Barbil,26
Rajura,26
Motala,26
Visnagar,26
Rahuri,26
Salempur,26
Karunagappally,26
Begamganj,26
Bhikangaon,26
Jodhpur,26
Falakata,26
Matar,26
Kathlal,26
Karnal,26
Pakhanjore,26
Bhaisma,26
Chail,26
Lephripara,26
Sedwa,26
Hoskote,26
Hindaun,26
Rohru,26
Ilayangudi,26
Meharma,26
Handwara,26
Kodarma,26
Raipur - Karchuliyan,26
Nandigram,26
Bhokardan,26
Kirnapur,25
Ghansore,25
Puncha,25
Darwha,25
Hinganghat,25
Hasanpur,25
Proddatur,25
Bhabhar,25
Rajampet,25
Bardez,25
Dotma,25
Bagepalli,25
Pohri,25
Kodala,25
Kakinada,25
Palwal,25
Koyilandi,25
Hb Halli,25
Shrirampur.,25
Udakishanganj,25
Mulshi,25
Dabra,25
Santalpur,25
Radhanpur,25
Katangi,25
Kalikiri,25
Sheohar,25
Pauni,25
Dhamdha,25
Thakurdwara,25
Sattur,25
Bonli,25
Gangarampur,25
Sawaimadhopur,25
Khowang,25
Tiptur,25
Byadgi,25
Phul,25
Barwani,25
Tilakwada,25
Meerganj,25
Bid,25
Dhariawad,25
Churah,25
Jogindernagar,25
Mandal,25
Kodinga,25
Pulivendla,25
Savanur,25
Paranda,25
Dhrol,25
Deoband,25
Valangaman,25
Deoli,25
Katol,25
Wani,25
Lakhnadon,25
Khategaon,25
Bidupur,25
Kadaladi,25
Tizara,24
Trimbakeshwar,24
C.n.halli,24
Begun,24
Podalakur,24
Kotkhai,24
Bhusawal,24
Etmadpur,24
Kurupam,24
Nichlaul,24
Jowai,24
Pachpadra City,24
Shahbad,24
Bhiwandi,24
Gharsana,24
Dholka,24
Badnawar,24
Sayla,24
Koratagere,24
Someshwar,24
Dhumakot,24
Yelandur,24
Brahmagiri,24
Hubli,24
Gurla,24
Vadali,24
Sidhpur,24
Kangayam,24
Saoli,24
Phalodi,24
Harij,24
Kodungallur,24
Narasinghpur,24
Seondha,24
Malkapur,24
Sindkhed Raja,24
Sonbarsa,24
Lakhipur,24
Pendra,24
Rajavommangi,24
Rangia Block,24
Valparai,24
Coonoor,24
Gangakhed,24
Vedaraniam,24
Nasrullaganj,24
Englishbazar,24
Singtam,24
Mundargi,24
Pokhari,24
Pen,24
Soraon,24
Ramdurg,24
Etawah,24
Bandra,24
Shohratgarh,24
Nowgong,24
Barh,24
Jarmundi,24
Jhandutta,24
Madhuban,24
Mahisadal,24
Suni,24
Poonch,24
Gohad,24
Repalle,23
Sakra,23
Sunder Nagar,23
Patoda,23
Bankura,23
Palanpur,23
Arjuni Morgaon,23
Borigumma,23
Amod,23
Ghatiya,23
Belaganj,23
Chamoli,23
Charkhi Dadri,23
Gurramkonda,23
Kuchinda,23
Molakalmuru,23
Dharmajaigarh,23
Saraipali,23
Yerpedu,23
Safipur,23
Sohawal,23
Bilhaur,23
Alangulam,23
Kutiyana,23
Chhotaudepur,23
Kasrawad,23
Dharampuri,23
Dongargaon,23
Vijayaraghavgarh,23
Tiruvidamarudur,23
Birpur,23
Gudibanda,23
Fatepura,23
Ponda,23
Tekari,23
Madikeri,23
Jamui,23
R.udayagiri,23
Saipau,23
Abhanpur,23
Aruppukottai,23
Dumraon,23
Pooranpur,23
Periyakulam,23
Alur,23
Salur,23
Bhatkal,23
Naidupeta,23
Silli,23
Mahasi,23
Ikauna,23
Bhavnagar,23
Bilthra Road,23
Kanti,23
Ranchi,23
Poraiyahat,23
Pupri,23
Ekangersarai,23
Nellimarla,22
Jhandaha,22
Gangrar,22
Bisrampur,22
Uri,22
Beerwah,22
Bangalore North,22
Anekal,22
Channapatna,22
Sydapuram,22
Khammam,22
Chhatna,22
Mahagama,22
Naigaon,22
Perundurai,22
Botad,22
Hata,22
Lal Ganj,22
Kheralu,22
Detroj-rampura,22
Maharajganj,22
Hatadihi,22
Kanayannur,22
Gondia,22
Harihara,22
Krishnarayapuram,22
Kopergaon,22
Ambagarh Chowki,22
Kundgol,22
Parihar,22
M. Ganj,22
Hingoli,22
Narla,22
Uttiramerur,22
Navsari,22
Mahemdavad,22
Kotagiri,22
Gummalakshmipuram,22
Asthawan,22
Vengurla,22
Ghatanji,22
Porumamilla,22
Sausar,22
Niwas,22
Mandangad,22
Pali,22
Sakti,22
Haveri,22
Thungathurthy,22
Yellapur,22
Koppa,22
Ankola,22
Gariyadhar,22
Ujjain,22
Attabira,22
Bhatli,22
Berhampore,22
Jorethang,22
Buxar,22
Assandh,22
Mallappally,22
Arwal,22
Jakhania,22
Porsa,22
Shambhuganj,22
Gajol,22
Chakar Nagar,22
Bramhapuri,22
Surat,22
Bissamcuttack,22
Mah'bad,22
Jainti,22
Almora,22
Pakala,22
Chaukhutia,22
Patna Sadar,22
Laxman Garh,22
Baldeogarh,22
Nandakumar,22
Arki,22
Dhakuakhana,22
Jubbal,21
Bijhari,21
Pehowa,21
Khandar,21
Ranibandh,21
Dhanaura,21
Kanda,21
Dumra,21
Tumsar,21
Khallikote,21
Madakasira,21
Phulumbri,21
Giridih,21
Garautha,21
Bhanpura,21
Srikaranpur,21
Suar,21
Chengannur,21
Vada,21
Kumarganj,21
Karandighi,21
Barhampur,21
Raghunathpur,21
Gangavathi,21
Sarangpur,21
Biaora,21
Gurur,21
Yercaud,21
Tiruppur,21
Valod,21
Palsana,21
Derabassi,21
Sadasivpet,21
Sheikhpura,21
Moonak,21
Jaitu,21
Kotra,21
Ambejogai,21
Rampachodavaram,21
Purwa,21
Jaisinghnagar,21
Srikalahasti,21
Nevasa,21
Bhanpur,21
Ramban,21
Bermo,21
Haroli,21
Bandipora,21
Amb(T),21
Hatta,21
Bobbili,21
Maihar,21
Campierganj,21
Sikanderpur,21
Agra,21
Ratu,21
Sathyamangalam,21
Tankara,21
Vizianagaram,21
East Singhbhum,21
Avanashi,21
Sankhavaram,21
Siwani,21
Kalyandurg,21
Champawat,21
Hosanagara,21
Rajapalayam,21
Shiv,21
Thikari,21
Itahar,20
Pachhad,20
Bahror,20
Guhla,20
Manachanallur,20
Buguda,20
Umreth,20
Balrampur,20
Dumka,20
Bharmour,20
Chittorgarh,20
Hajipur,20
Patepur,20
Kamudhi,20
Badalapur,20
Jath,20
Kuttalam,20
Komarada,20
Santipur,20
Nanpur,20
Niali,20
Paravur,20
Umargam,20
Riga,20
Pachipenta,20
Ajnala,20
Shiggaon,20
Chilakaluripet,20
Katghora,20
Kulpi,20
Kalimpong,20
Siliguri,20
Pratappur,20
Naugachia,20
Chandur Railway,20
Sangam,20
Kadana,20
Thalapilly,20
Jamkhed,20
Chausa,20
Pallahara,20
Srirangapatna,20
Mudinepalli,20
Sangaria,20
Dediapada,20
Ghoghmba,20
Sidlaghatta,20
Vikasnagar,20
Barachatti,20
Bhadrawati,20
Aheri,20
Phulpur ,20
Piro,20
Rajganj,20
Lanka,20
Sudhagad,20
Poladpur,20
Talasara,20
Lahunipara,20
Reamal,20
Kalapipal,20
Bandar,20
Madarihat,20
Mal,20
Harishchandrapur,20
Jamankira,20
Bamori,20
Davanagere,20
Kishtwar,20
Amla,20
Ajaigarh,20
Umrala,20
Jamkandorna,20
Virakeralampudur,20
Lanji,20
Galiveedu,20
Bilthara Road,20
Serchhip,20
Bagodar,20
Goghat-i,20
Chandi,20
Ausa,20
Sengaon,20
Partur,20
Mairang,20
Pasighat,20
Prathipadu,20
Hilsa,20
Lalpur,20
Mangolkote,20
Bundu,20
Bangana,20
Pusapatirega,20
Sironj,20
Deo,20
Umarpada,20
Ponnani,20
Banar,20
Tirora,20
Nagpur,20
Becharaji,20
Neemrana,19
Shahkot,19
Tarana,19
Fulbari,19
Deoria Sadar,19
Nanpara ,19
Simlapal,19
Nakur,19
Taldangra,19
Gorantla,19
Nainpur,19
Sikandarpur,19
Saitual,19
Khunti,19
Lawngtlai,19
Lakhpat,19
Peint,19
Tirukalikundram,19
Chikiti,19
Gangavalli,19
Gadarwara,19
Dhoraji,19
Seoni,19
Gandarvakottai,19
Bhitarwar,19
Manikchak,19
Baitu,19
Saifai,19
Champa,19
Hansot,19
Sadulshahar,19
Phulbani,19
Rajborasambar,19
Bhasma,19
Bargaon,19
Khandapara,19
Bounsuni,19
Boudh,19
Daudnagar,19
Garbada,19
Malpur,19
Gadchiroli,19
Deodar,19
Khandaparagarh,19
Murliganj,19
Vaibhavwadi,19
Laharpur ,19
Kakdwip,19
Port Blair,19
Gariaband,19
Mungaoli,19
Doomdooma,19
Garugubilli,19
Bijaypur,19
Baikunthapur,19
Khurai,19
Hemgir,19
Khamanon,19
Jagatpur,19
Rajkanika,19
Chakdah,19
Dhar,19
Atri,19
Kondapuram,19
Thirumayam,19
Mudukulathur,19
Rampur Naikin,19
Kelapur,19
Hodal,19
Bezera Block,19
Chauri Chaura,19
Obra,19
Sinor,18
Anantapur,18
Gooty,18
Pipar,18
Nabinagar,18
Lonar,18
Sherghati,18
Setrawa,18
Dascroi,18
Kavali,18
Saoner,18
Unjha,18
Miraj,18
Barkhera,18
Seethanagaram,18
Binjharpur,18
Darpanigarh,18
Jiyyammavalasa,18
Mundgod,18
Balod,18
Pandhana,18
Shirahatti,18
Nadendla,18
Teori,18
Amritsar- II,18
Pedakurapadu,18
Vikramgad,18
Ottapidaram,18
Surajgarha,18
Laksar,18
Jaswant Nagar,18
Tribeniganj,18
Mangalvedha,18
Golakganj,18
Sathankulam,18
Mul,18
Kamalapuram,18
Mydekur,18
Gola Gokaran Nath,18
Ghoghamba,18
Sindewahi,18
Dhanpur,18
Balliguda,18
Narasaraopet,18
Narayanpatna,18
Jasarana,18
Sohella,18
Jujumura,18
Sribijeynagar,18
Barpali,18
Maripeda,18
Bantumilli,18
Burkot,18
Pathalgaon,18
Rajanagaram,18
Habibpur,18
Kotalpur,18
Kharora,18
Khacharod,18
Khaniadhana,18
Bengabad,18
Parasia,18
Majalgaon,18
Sikandrabad,18
Nilanga,18
Nautanwa,18
Chhatrapur,18
Nursarai,18
Tirutani,18
Pallipat,18
Rahui,18
Lanjigarh,18
Palera,18
Palojori,18
Patrasayer,18
Muli,18
Paddhari,18
Gummidipundi,18
Barjora,18
Bijawar,18
Kandaghat,18
Sagri,18
Gadhada,18
Chintakani,18
Roing,18
Banjar,18
Kheda,18
Vedaranyam,18
Wyra,18
Kullu(T),18
Mulug,18
Ratangarh,18
Kapasan,18
Gantyada,18
Bahadurgarh,18
Kalayat,18
Deogarh,18
Ramsar,18
Balumath,18
Chatra,18
Billawar,18
Itkhori,18
Bashohli,18
Regonda,18
Mudigubba,17
Nkpally,17
Mangapet,17
Jhadol,17
Mahulpalli,17
Lakhni,17
Goregaon,17
Shillai,17
Karsog,17
Tapan,17
Kalghatgi,17
Simri Bakhtiarpur,17
Bhikiyasen,17
Rapur,17
Cherial,17
Kothagudem,17
Pulwama,17
Aundha Nagnath,17
Mantha,17
Amritsar -I,17
Jagatsinghpur,17
Latur,17
Sailu,17
Pernem,17
Ghanpur Stn,17
Khurja,17
Deobhog,17
Nagri,17
Bagbahra,17
Lavera Baori,17
Gudlavalleru,17
Kawant,17
Kaliganj,17
Khariar,17
Mawkyrwat,17
Balasinor,17
Pandaria,17
Sompeta Mandal,17
Kodur,17
Nilokheri,17
Rayachoti,17
Badvel,17
Piduguralla,17
Penukonda,17
Shahpura,17
Vellore,17
Denkanikottai,17
Shegaon,17
Dodballapura,17
Bhanupratappur,17
Deulgaon Raja,17
Karra,17
Dharmavaram,17
Uchchhal,17
Barnagar,17
Chakai,17
Nandivada,17
Sendhwa,17
Gunnaur,17
Bolagarh,17
Barkote,17
Vajrapukotturu Mandal,17
Hindupur,17
Katni,17
Budan Pur,17
Bhoranj,17
Devanahalli,17
Dumraon ,17
Bhatapara,17
Karkal,17
Bishala,17
Vedasandur,17
Loharu,17
Ghat,17
Okhamandal,17
Daringbadi,17
Bamunigaon,17
Dodamarg,17
Bokajan,17
Jamkalyanpur,17
Kunnathur,17
Ranaghat-ii,17
Atpadi,17
Kotpad,17
T Sundupalle,17
Colonelganj ,17
Cheyyur,17
Gunnour,17
Valapady,17
Sutahata,17
Turrur,17
Railmagra,17
Bansur,17
Thottiam,17
Khatra,17
Harnaut,17
Jagatsinghapur,17
Dharmasagar,17
Patancheru,17
Dhoomakot,16
Kesamudram,16
Khargapur,16
Sipajhar,16
Gangavati,16
Bicholim,16
Sankari,16
Weir,16
Sisai,16
Buchannapet,16
Barabani,16
Gaya,16
Raikia,16
Muniguda,16
Motu,16
Masturi,16
Seloo,16
Tiruppattur,16
Ettayapuram,16
Sursand,16
Donka,16
Mihona,16
Korukonda,16
Dondi Lohara,16
Krosuru,16
Santhakaviti Mandal,16
Khanna,16
Panvel,16
Koyyalagudem,16
Yellareddy,16
Regidi Mandal,16
Kallur,16
Maheshpur,16
Sp Tira,16
Dharamsala,16
Pakur,16
Sabalgarh,16
Indri,16
Bhinai,16
Kishangarh,16
Khawzawl,16
Silwani,16
Korpana,16
Armori,16
Umrer,16
Tamia,16
Singrauli Colliery,16
Suwasara Mandi,16
Khargone,16
Kargi Road,16
Nuzvid,16
Sihawal,16
Amgaon,16
Mokokchung,16
Sahebganj,16
Aul,16
Pipili,16
Ernakulam,16
Dondi Awari,16
Kariapatti,16
Barbigha,16
Mahuwa,16
Masalia,16
Mehem,16
Gharunda,16
Nandura,16
J.r.gudem,16
Kaler,16
Haspura,16
Murbad,16
Shriwardhan,16
Nautanawa,16
Umbergaon,16
Manjhi,16
Bareilly ,16
Uravakonda,16
Mahudha,16
Bemetara,16
Esagarh,16
Ambattur,16
Bhapur,16
Dawki,16
Barengapara,16
Bishnupur,16
Sironcha,16
Jarada,16
S.rampur,16
Sihunta,16
Mohammadabad ,16
Kokrajhar,16
Amrabad,16
Srivilliputhur,16
Jasrana,16
Mandavalli,16
Badnapur,16
Ghansawangi,16
Bhadrak Rural,16
Rasulabad,16
Khajipet,16
Mokhada,16
Pithora,16
Pathri,16
Pipar Road,16
Shikaripara,16
Bundwan,16
Barabazar,16
Uluberia - I,16
Domjur,16
Deoni,16
Tangi,16
Erandol,16
Addatigala,16
Beluguppa,16
Khuldabad,16
Basmath,16
Namchi,16
Meral,16
Daspur,16
Darjeeling,16
Srinagar,16
Ellanthakunta,16
Dhanwar,16
Sirhind,16
Nichar(T),16
Pithapuram,16
Tangarpali,16
Tarbha,16
Narsampet,16
Bodinayakanur,16
Peddapuram,16
Jammalamadugu,16
Goghat-ii,16
Malkharoda,16
Takhatpur,16
Phiringia,16
Maregaon,16
Babhulgaon,16
N.solapur,16
Thungathurthi,16
Rajgir,15
Modinagar,15
Roddam,15
Gogha,15
Bhadravati,15
Baramba,15
Venkatagiri,15
Sullurpeta,15
Paloncha,15
Kaikalur,15
Karepalli,15
Mahnar,15
Barharwa,15
Husnabad,15
Tadipatri,15
Tuni,15
Chadi,15
Dhadgaon,15
Goreswar Block,15
Mhasla,15
Somvarpet,15
Sringeri,15
Mathurapur - I,15
Karhal,15
Mawphlang,15
Farooqnagar,15
Devprayag,15
Obulavaripalle,15
Narendranagar,15
Jami,15
Sonamura,15
Gobichettipalayam,15
Jatanbari,15
Ashoknagar,15
Arang,15
Kealras,15
Palayankottai,15
Buttayagudem,15
Nathnagar,15
Morena,15
Naharkatia,15
Machkhowa,15
Kakranan,15
Parlakhemundi,15
Duvvur,15
Udumalaipettai,15
Paramathi Velur,15
Bano,15
Melaghar,15
Palakkodu,15
Kurwai,15
Sakoli,15
Churu,15
Mekliganj,15
Banswada,15
Amer,15
Sissiborgaon,15
Saltora,15
Jagraon,15
Balotra,15
Sirsilla,15
Pilibangan,15
Sribijaynagar,15
Kesrisinghpur,15
Rohat,15
Bhatpar Rani,15
Kavas,15
Sarubujjili Mandal,15
Gudamalani,15
Sinhapalli,15
Tirupanandal,15
Padrauna,15
Merakamudidam,15
Veepangandla,15
R.saidpur,15
Newasa,15
Digras,15
Morvi,15
Gondal,15
Rahata,15
Rahta,15
Katra,15
Chhatapur,15
Ner Persopant,15
Madhupur,15
Attur,15
Nala,15
Ariyari,15
Balisankara,15
Veeraghattam,15
Bargarh,15
Vangoor,15
Seethampeta,15
Khilchipur,15
Antagarh,15
Lakhisarai,15
Khaira,15
Kaluvoya,15
Movva,15
Nagayalanka,15
Jhajha,15
Chamaria,15
Berla,15
Dongargarh,15
Sagbara,15
Akberpur,15
Rayadurg,15
Bakshi Ka Ta,15
Petlawad,15
Chittamur,15
Dumri,15
Gool Gulab Garh,15
Venkatachalam,15
Nawada,15
Chityal,15
Naina Devi,15
Morva Hadaf,15
Vallabhipur,15
Satlasana,15
Barwala,15
Behat,15
Nagari,15
Makkuva,15
Manwath,15
T Sabo,15
Bdh,15
Khanakul 2b,14
Parkal,14
Badgaon,14
Balarampur,14
Laxmangarh Alwar,14
Para,14
Burgampahad,14
Hirbandh,14
Srirangam,14
Jangaon,14
Anoop Shahr,14
Banihal,14
Chitvel,14
Chakrayapet,14
Kothacheruvu,14
Badnagar,14
Ichawar,14
Kundam,14
Tiruchuli,14
Palus,14
Garividi,14
Biramitrapur,14
Kutra,14
Karimpur Ii,14
Palakonda,14
Jaijaipur,14
Tiruvarur,14
Thiruvidaimarudur,14
Kavathe Mahankal,14
Veldanda,14
Krishnaganj,14
Solapur North,14
Kangeyam,14
Sarwan,14
Mahagaon,14
Solapur South,14
Kopargaon,14
Jatara,14
Mohadi,14
Balijipeta,14
Barara,14
Tadepalligudem Mandalam,14
Hanumana,14
Karatampadu,14
Pendlimarri,14
Tuticorin,14
Bijnor,14
Nijhar,14
Darlawn,14
Champhai,14
Tuipang,14
Devendra Nagar,14
Khairlanji,14
Anklav,14
Bishramganj,14
Jainagar,14
Torpa,14
Paramathi-Velur,14
Jamtara,14
Bhandara,14
Kangra(T),14
Itki,14
Mukerian,14
Firozepur,14
Gudari,14
Brahmamgarimattam,14
Tibbi,14
Golamunda,14
Chauth Ka Barwara,14
Samdari,14
Bamunbari,14
Indergarh,14
Haldibari,14
Kharar,14
Simri,14
Ipuru,14
Tehatta,14
Wardhannapet,14
Pelling,14
Old Malda,14
Gadra Road,14
Narasimharajapura,14
Jaynagar - I,14
Binka,14
Satyabadi,14
Pallari,14
Nagarkurnool,14
Jaunpur ,14
Bajpatti,14
Khamgaon,14
Katoria,14
Pangi,14
Barun,14
Khinwsar,14
Gairatganj,14
Nateran,14
Belsand,14
Machhlishahr,14
Koraon,14
Mandi Dabwali,14
Doddaballapura,14
S Kota,14
Sulya,14
Manendragarh,14
Saja,14
Pullampeta,14
Lakkireddipalle,14
Kalanwali,14
Guna,14
Aroun,14
Bhadesar,14
Smit,14
Nongpoh,14
Lower Chandmari,14
Bodwad,14
Salcete,14
Kalamb,14
Nanded,14
Halsi,14
Kultali,14
Sangat,14
Shajapur,14
Musunuru,14
Sattari,14
Pudukkottai,14
Narpala,14
Bommanahal,14
Anupshahr,14
Manubolu,14
Khatima,14
Vadnagar,14
M.bad,14
Sour Bazar,14
Velhe,14
Kumarkhand,14
Vepada,14
Perintalmanna,14
Kuravi,14
Kothaguda,14
Joginder Nagar,14
Chopra,14
Ranka Raj,14
Ani(S.T),14
Poo(T),14
Rampur(T),14
Lesliganj,13
Dinhata - I,13
Ferrargunj,13
Gokinepalli,13
Ananthagiri,13
Osian,13
Jaggampeta,13
Kambadur,13
Rura,13
Gollaprolu,13
Adra,13
Sendurai,13
Salt,13
Nekkonda,13
Milak,13
Umerkhed,13
Vidapanakal,13
Yellanur,13
Nagarnausa,13
Mudkhed,13
Pansemal,13
Pamgarh,13
Mahidpur,13
Sattenapalle,13
Bhavi,13
Khoirabari,13
Sootea,13
Patna City,13
Muktainagar,13
Bhabua,13
Himayatnagar,13
Umari,13
Mekhliganj,13
Biraul,13
Garobadha,13
Komna,13
Cuddapah,13
Razole,13
Chhura,13
Attair,13
Anantasagaram,13
Macherla,13
Nekarikallu,13
Sahkund,13
Barahat,13
Jawhar,13
Rakkar,13
Kothavalasa,13
Chickballapur,13
Tseminyu,13
Tadimarri,13
Maneswar,13
Gondpipri,13
Lateri,13
Sarsiwa,13
Chintalapudi,13
Jeelugumilli,13
Gopalpet,13
Peddakothapally,13
Narendra Nagar,13
Ullunda,13
Agomoni,13
Bongaigaon,13
Thimmajipet,13
Gangtok,13
Gayzing,13
Ratua,13
Jagtial,13
Ponduru Mandal,13
Konaraopet,13
Bejjanki,13
Ranasthalam Mandal,13
Nandigam Mandal,13
Polaki Mandal,13
Palasa Mandal,13
Hanumangarh,13
Pedana,13
Pakuria,13
Pathargama,13
Chinnagottigallu,13
Bero,13
Angara,13
Idappadi,13
Gurh,13
Tirupur,13
Tambaram,13
Mamidikuduru,13
Lakhanadon,13
Nirmali,13
Dimapur Mdg,13
Tuensang,13
Wokha,13
Balaghat,13
Rudhauli,13
Piler,13
K.v.b.puram,13
Pilibhit,13
Badangi,13
Lathikata,13
Boko,13
Balijana,13
Dudnai,13
Chhachhrauli,13
Ralegaon,13
Polavaram Mandalam,13
Ranavav,13
Hnahthial,13
Vilathikulam,13
Thovala,13
Nilakkottai,13
Kharod,13
Bodhgaya,13
Khijersarai,13
Ramabhadrapuram,13
Sigadam Mandal,13
Bilha,13
Katrenikona,13
Bakshi Ka Talab,13
Darpan,13
Sambepalle,13
Bansgaon,13
Chilamathur,13
Vajrakarur,13
Mangalagiri Ho,13
Chenani,13
Biharsharif,13
Manuguru,13
Devla,13
Eturunagaram,13
Hasanparthy,13
Palakurthy,13
Naggar,13
Athmalgola,13
Rampur Bushahr,13
Karsog(T),13
Mangan,13
Banjar(T),13
Baraboni,13
Reapara,13
Billwar,13
Dhaniakhali,12
Kajlagarh,12
Kishan Garh Bass,12
Panki,12
Goalpukher,12
Jaffrabad,12
Akkalkuwa,12
Palam,12
Vangara,12
Baba Bakala,12
Magrahat - II,12
Doom Dooma,12
Chirgaon,12
Madhira,12
Hura,12
Pedapudi,12
Kundurpi,12
Pamidi,12
Arugonda,12
Ranigaon,12
Mundwa,12
Kothagarh,12
Gola ,12
Lepakshi,12
Dhamnagar,12
Amalapuram,12
Kishorenagar,12
Sheoli,12
Malikipuram,12
Sojitra,12
Atreyapuram,12
Penagalur,12
Gonda ,12
Khajuripada,12
Gajsinghpur,12
Sri Madhopur,12
Devipatnam,12
Alamuru,12
Siwana,12
Swau Padamsingh,12
Srikakulam Mandal,12
Tuini,12
Gajapathinagaram,12
Bhupalsagar,12
Chabua,12
L Kota,12
Bondapalli,12
Ramanagara,12
Beloniya,12
Sabroom,12
Ramapuram,12
Puttaparthi,12
Chinthakommadinne,12
Sidhout,12
Rashmi,12
Bari Sadari,12
Nallamada,12
Kiphire,12
Dangs,12
Nizar,12
Ainavilli,12
Mohammadabad Gohana,12
Tendukheda,12
Chourai,12
Bhuabichhia,12
Kahara,12
Pune City,12
Sanagar,12
Mahabaleshwar,12
Sarsawa,12
Junnardeo,12
Dornakal,12
Sonapur Block,12
Chhaygaonpantan,12
Dhubri,12
Mauda,12
Sadak Arjuni,12
Allur,12
Kamuthi,12
Gopalapuram Mandalam,12
Ganapavaram Mandalam,12
Garhakota,12
Yerraguntla,12
Kundah,12
Bhadohi,12
Kundahit,12
Raneswar,12
Dera Gopipur(T),12
Karanja,12
Sabour,12
Rajim,12
Piprahi,12
Dhanora,12
Rompicherla,12
Jael,12
Goalpara,12
Mathurapur - II,12
Puraula,12
Gajja,12
Uttarkashi,12
Bijepur,12
Lawan,12
Karchhana ,12
Kurkheda,12
Nagbhir,12
Desaiganj,12
Pripainti,12
Rajoun,12
Sultanganj,12
Vinjamoor,12
Bellamkonda,12
Karempudi,12
Janakpur,12
Narwar,12
Bilaigarh,12
Watgan,12
Kusmi,12
Chanderi,12
Chacauda,12
Dabhra,12
Mandrail,12
Kotabommali Mandal,12
Tekkali Mandal,12
Kaviti Mandal,12
Gambhiraopet,12
Nawanagar,12
Narasimulapet,12
Bijnapally,12
Balanagar,12
Tehatta I,12
Kalaigaon,12
Haringhata,12
Thelkapally,12
Keshampet,12
Lingala,12
Achampet,12
Marwahi,12
Kurtha,12
Hardibazar,12
Sanwer,12
Srivilliputtur,12
Pendraroad,12
Avanigadda,12
Mohla,12
Meghnagar,12
Purna,12
Sehore,12
Yerrupalem,12
Nepanagar,12
Bahoriband,12
Islamnagar,12
Jamalpur,12
Patharia,12
Pattukkottai,12
Ghantasala,12
Kusumanchi,12
Bhadrachalam,12
Tallampahad,12
Kheragarh,12
Vunguturu,12
Baradwar,12
Baloda,12
Kalidindi,12
Bapulapadu,12
Anupshaher,12
Sonawari,12
Thimmapur,12
Vemulawada,12
Sogam,12
Tadvai,12
Raghunathpalli,12
Baghmundi,12
Kaliaganj,12
Vakadu,12
Nermand(T),12
Kumarsain,12
Birni,12
Patratu,12
Hunterganj,12
Pakribarawan,12
Bhadgaon,12
Mogullapalli,11
Gangadhara,11
Sankrail,11
Ausgram - I,11
Sarenga,11
Chandwa,11
Katkamsandi,11
Thiruthuraipoondi,11
Thiruvarur,11
Durgi,11
Karakat,11
Masaurhi ,11
Jamuria,11
Bhandra,11
Denkada,11
Diglipur,11
Bhangar - I,11
Falta,11
Bhopalgarh,11
Gangavaram,11
Nargund,11
Balmoor,11
Kothakota,11
Krishnanagar I,11
Therlam,11
Alsisar,11
Jhunjhunun,11
Dhekiajuli,11
Jadcherla,11
Kodair,11
Karimpur I,11
Raninagar - I,11
Pratapnagar,11
Saklehspur,11
Gosaba,11
Pangal,11
B.s. Gram,11
Salmara South,11
Y .ramavaram,11
Bisra,11
Borobazar,11
Govindpur,11
Jharbandh,11
Jharsuguda Sadar,11
Kamalpur Block,11
Daman,11
Mahmoodabad,11
Bangarapet,11
Kotturu Mandal,11
Saravakota Mandal,11
Laveru Mandal,11
Maredumilli,11
Gokavaram,11
Bkt,11
Yadiki,11
Gummagatta,11
Muddanur,11
Hathin,11
Tallarevu,11
Karapa,11
Yeleswaram,11
Balesar,11
Puthalpattu,11
Haidergarh,11
Ramsanehighat,11
Jhinjhak,11
Ambalappuzha,11
Tigiria,11
Barkhetri,11
Chandabali,11
B.Kodur,11
Bangarupalem,11
Sahjanwa,11
Barakhama,11
Tamkuhi,11
Chitrakonda,11
Gingee,11
Boden,11
Brahmapur Sadar,11
Baragudha,11
Ladwa,11
Ghilamara,11
Rawatbhata,11
Seraikela,11
Chinnamandem,11
Teghra,11
Khliehriat,11
Namsai,11
Ziro,11
Khonsa,11
Amarapuram,11
Lalbarra,11
Chinglepet,11
Mummidivaram,11
Birendranagar,11
Santirbazar,11
Zunheboto,11
Choryasi,11
Champang,11
S.khawbung,11
Phaileng,11
Maliya Miyana,11
Otapidaram,11
Tiruppattur-singampunariblock,11
South Solapur,11
Bichhua,11
Nanauta,11
Talupula,11
Kadiri,11
Somandepalli,11
Vallur,11
Bilgram,11
Sbraj,11
Pissatur,11
Jaladanki,11
Sonepur,11
Jawali(T),11
Sarath,11
Kuru,11
Ormanjhi,11
Basia,11
Chandragiri,11
Robertsganj,11
Kalmeshwar,11
Hingna,11
Bhiwapur,11
Nagbhid,11
Basna,11
Katgi,11
Bitragunta,11
Dachepalle,11
Gurua,11
Eluru,11
Bhogaon ,11
Chhuria,11
Maksudangarh,11
Durg,11
Nandghat,11
Nuzendla,11
Nandipadu,11
Buchireddypalem,11
Koilwar,11
Behea,11
Itarhi,11
Ramadugu,11
Medpalli,11
Kumbhalgarh,11
Kanchili Mandal,11
Dikom,11
Choppadandi,11
Metpalli,11
Mallial,11
Kanksa,11
Rithi,11
Birra,11
Guduru,11
Ratanpur,11
Ajara,11
Hatkanangle,11
Munger,11
Haweli Kharagpur,11
Sarmera,11
Manamelkudi,11
Aranthangi,11
Agar,11
Nagda,11
Chatrai,11
Gudivada,11
Nalkheda,11
Shujalpur,11
Vaishali,11
Susner,11
Yellandu,11
Subled,11
Sathupalli,11
Visakhapatnam (Urban),11
Girva,11
Ibrahimpatnam,11
Gurez,11
Pingla,11
Sabang,11
Garhbeta-III,11
Barkagaon,11
Simaria,11
Tandwa,11
Mandi(T),11
Jamua,11
Damhal Hanji Pora,11
Bagmundi,11
Madnoor,11
Bodhan,11
